{"data":[{
 "ObjectIdentifier": "B5664C5B-C2FB-436C-98E0-C6B9A50FA536",
 "Properties": {
  "domain": "VMC.VENTOMIN.PRIV",
  "name": "SENTINEL SERVERS@VMC.VENTOMIN.PRIV",
  "distinguishedname": "CN=SENTINEL SERVERS,CN=PASSWORD POLICY,CN=SPECOPS,CN=SYSTEM,DC=VMC,DC=VENTOMIN,DC=PRIV",
  "domainsid": "S-1-5-21-1839142828-2050326403-410060929",
  "highvalue": false,
  "description": "",
  "whencreated": 1675238173
 },
 "IsDeleted": false,
 "IsACLProtected": false,
 "Aces": [
  {
   "RightName": "GenericAll",
   "IsInherited": false,
   "PrincipalSID": "S-1-5-21-1839142828-2050326403-410060929-512",
   "PrincipalType": "Group"
  },
  {
   "RightName": "GenericAll",
   "IsInherited": true,
   "PrincipalSID": "S-1-5-21-1060284298-1592454029-682003330-519",
   "PrincipalType": "Group"
  },
  {
   "RightName": "WriteOwner",
   "IsInherited": true,
   "PrincipalSID": "VMC.VENTOMIN.PRIV-S-1-5-32-544",
   "PrincipalType": "Group"
  },
  {
   "RightName": "WriteDacl",
   "IsInherited": true,
   "PrincipalSID": "VMC.VENTOMIN.PRIV-S-1-5-32-544",
   "PrincipalType": "Group"
  }
 ],
 "ChildObjects": []
},{
 "ObjectIdentifier": "9FA2F7DC-6CD0-44B9-8C90-EEE190CE518D",
 "Properties": {
  "domain": "VMC.VENTOMIN.PRIV",
  "name": "PASSWORD POLICY@VMC.VENTOMIN.PRIV",
  "distinguishedname": "CN=PASSWORD POLICY,CN=SPECOPS,CN=SYSTEM,DC=VMC,DC=VENTOMIN,DC=PRIV",
  "domainsid": "S-1-5-21-1839142828-2050326403-410060929",
  "highvalue": false,
  "description": "",
  "whencreated": 1675238173
 },
 "IsDeleted": false,
 "IsACLProtected": false,
 "Aces": [
  {
   "RightName": "GenericAll",
   "IsInherited": false,
   "PrincipalSID": "S-1-5-21-1839142828-2050326403-410060929-512",
   "PrincipalType": "Group"
  },
  {
   "RightName": "GenericAll",
   "IsInherited": true,
   "PrincipalSID": "S-1-5-21-1060284298-1592454029-682003330-519",
   "PrincipalType": "Group"
  },
  {
   "RightName": "WriteOwner",
   "IsInherited": true,
   "PrincipalSID": "VMC.VENTOMIN.PRIV-S-1-5-32-544",
   "PrincipalType": "Group"
  },
  {
   "RightName": "WriteDacl",
   "IsInherited": true,
   "PrincipalSID": "VMC.VENTOMIN.PRIV-S-1-5-32-544",
   "PrincipalType": "Group"
  }
 ],
 "ChildObjects": []
},{
 "ObjectIdentifier": "EA0904DE-7D6F-4B43-9D20-EFB7A8DE5440",
 "Properties": {
  "domain": "VMC.VENTOMIN.PRIV",
  "name": "SPECOPS@VMC.VENTOMIN.PRIV",
  "distinguishedname": "CN=SPECOPS,CN=SYSTEM,DC=VMC,DC=VENTOMIN,DC=PRIV",
  "domainsid": "S-1-5-21-1839142828-2050326403-410060929",
  "highvalue": false,
  "description": "",
  "whencreated": 1675238173
 },
 "IsDeleted": false,
 "IsACLProtected": false,
 "Aces": [
  {
   "RightName": "GenericAll",
   "IsInherited": false,
   "PrincipalSID": "S-1-5-21-1839142828-2050326403-410060929-512",
   "PrincipalType": "Group"
  },
  {
   "RightName": "GenericAll",
   "IsInherited": true,
   "PrincipalSID": "S-1-5-21-1060284298-1592454029-682003330-519",
   "PrincipalType": "Group"
  },
  {
   "RightName": "WriteOwner",
   "IsInherited": true,
   "PrincipalSID": "VMC.VENTOMIN.PRIV-S-1-5-32-544",
   "PrincipalType": "Group"
  },
  {
   "RightName": "WriteDacl",
   "IsInherited": true,
   "PrincipalSID": "VMC.VENTOMIN.PRIV-S-1-5-32-544",
   "PrincipalType": "Group"
  }
 ],
 "ChildObjects": []
},{
 "ObjectIdentifier": "35AEADF0-F3D2-4519-B476-4B1BB2D9C877",
 "Properties": {
  "domain": "VMC.VENTOMIN.PRIV",
  "name": "SYSTEM MANAGEMENT@VMC.VENTOMIN.PRIV",
  "distinguishedname": "CN=SYSTEM MANAGEMENT,CN=SYSTEM,DC=VMC,DC=VENTOMIN,DC=PRIV",
  "domainsid": "S-1-5-21-1839142828-2050326403-410060929",
  "highvalue": false,
  "description": "",
  "whencreated": 1436345741
 },
 "IsDeleted": false,
 "IsACLProtected": false,
 "Aces": [
  {
   "RightName": "Owns",
   "IsInherited": false,
   "PrincipalSID": "S-1-5-21-1839142828-2050326403-410060929-512",
   "PrincipalType": "Group"
  },
  {
   "RightName": "GenericAll",
   "IsInherited": false,
   "PrincipalSID": "S-1-5-21-1839142828-2050326403-410060929-512",
   "PrincipalType": "Group"
  },
  {
   "RightName": "GenericAll",
   "IsInherited": false,
   "PrincipalSID": "S-1-5-21-1839142828-2050326403-410060929-10012",
   "PrincipalType": "Computer"
  },
  {
   "RightName": "GenericAll",
   "IsInherited": true,
   "PrincipalSID": "S-1-5-21-1060284298-1592454029-682003330-519",
   "PrincipalType": "Group"
  },
  {
   "RightName": "WriteOwner",
   "IsInherited": true,
   "PrincipalSID": "VMC.VENTOMIN.PRIV-S-1-5-32-544",
   "PrincipalType": "Group"
  },
  {
   "RightName": "WriteDacl",
   "IsInherited": true,
   "PrincipalSID": "VMC.VENTOMIN.PRIV-S-1-5-32-544",
   "PrincipalType": "Group"
  }
 ],
 "ChildObjects": []
},{
 "ObjectIdentifier": "C7FCF647-288E-4C13-8618-FD0F2376A6DC",
 "Properties": {
  "domain": "VMC.VENTOMIN.PRIV",
  "name": "MONITORING MAILBOXES@VMC.VENTOMIN.PRIV",
  "distinguishedname": "CN=MONITORING MAILBOXES,CN=MICROSOFT EXCHANGE SYSTEM OBJECTS,DC=VMC,DC=VENTOMIN,DC=PRIV",
  "domainsid": "S-1-5-21-1839142828-2050326403-410060929",
  "highvalue": false,
  "description": "",
  "whencreated": 1419420752
 },
 "IsDeleted": false,
 "IsACLProtected": false,
 "Aces": [
  {
   "RightName": "Owns",
   "IsInherited": false,
   "PrincipalSID": "S-1-5-21-1839142828-2050326403-410060929-512",
   "PrincipalType": "Group"
  },
  {
   "RightName": "GenericAll",
   "IsInherited": false,
   "PrincipalSID": "S-1-5-21-1839142828-2050326403-410060929-512",
   "PrincipalType": "Group"
  },
  {
   "RightName": "GenericAll",
   "IsInherited": true,
   "PrincipalSID": "S-1-5-21-3572545544-1030750173-1145591984-500",
   "PrincipalType": "Base"
  },
  {
   "RightName": "GenericAll",
   "IsInherited": true,
   "PrincipalSID": "S-1-5-21-1225525521-1400135419-1777090905-1072",
   "PrincipalType": "User"
  },
  {
   "RightName": "GenericAll",
   "IsInherited": true,
   "PrincipalSID": "S-1-5-21-1225525521-1400135419-1777090905-1009",
   "PrincipalType": "Base"
  },
  {
   "RightName": "GenericAll",
   "IsInherited": true,
   "PrincipalSID": "S-1-5-21-1060284298-1592454029-682003330-1108",
   "PrincipalType": "Base"
  },
  {
   "RightName": "GenericAll",
   "IsInherited": true,
   "PrincipalSID": "S-1-5-21-1060284298-1592454029-682003330-1109",
   "PrincipalType": "Base"
  },
  {
   "RightName": "GenericAll",
   "IsInherited": true,
   "PrincipalSID": "S-1-5-21-1060284298-1592454029-682003330-1110",
   "PrincipalType": "Base"
  },
  {
   "RightName": "GenericAll",
   "IsInherited": true,
   "PrincipalSID": "S-1-5-21-1060284298-1592454029-682003330-1113",
   "PrincipalType": "Base"
  },
  {
   "RightName": "GenericAll",
   "IsInherited": true,
   "PrincipalSID": "S-1-5-21-1060284298-1592454029-682003330-500",
   "PrincipalType": "User"
  },
  {
   "RightName": "GenericAll",
   "IsInherited": true,
   "PrincipalSID": "S-1-5-21-1839142828-2050326403-410060929-3264",
   "PrincipalType": "Base"
  },
  {
   "RightName": "GenericAll",
   "IsInherited": true,
   "PrincipalSID": "S-1-5-21-1839142828-2050326403-410060929-3280",
   "PrincipalType": "Base"
  },
  {
   "RightName": "GenericAll",
   "IsInherited": true,
   "PrincipalSID": "S-1-5-21-1839142828-2050326403-410060929-1002",
   "PrincipalType": "Base"
  },
  {
   "RightName": "GenericAll",
   "IsInherited": true,
   "PrincipalSID": "S-1-5-21-1839142828-2050326403-410060929-2291",
   "PrincipalType": "Group"
  },
  {
   "RightName": "GenericAll",
   "IsInherited": true,
   "PrincipalSID": "S-1-5-21-1839142828-2050326403-410060929-500",
   "PrincipalType": "User"
  },
  {
   "RightName": "GenericAll",
   "IsInherited": true,
   "PrincipalSID": "S-1-5-21-1839142828-2050326403-410060929-2292",
   "PrincipalType": "Base"
  },
  {
   "RightName": "GenericAll",
   "IsInherited": true,
   "PrincipalSID": "S-1-5-21-2074478580-1744250261-1850952788-500",
   "PrincipalType": "User"
  },
  {
   "RightName": "GenericAll",
   "IsInherited": true,
   "PrincipalSID": "S-1-5-21-1060284298-1592454029-682003330-519",
   "PrincipalType": "Group"
  },
  {
   "RightName": "WriteOwner",
   "IsInherited": true,
   "PrincipalSID": "VMC.VENTOMIN.PRIV-S-1-5-32-544",
   "PrincipalType": "Group"
  },
  {
   "RightName": "WriteDacl",
   "IsInherited": true,
   "PrincipalSID": "VMC.VENTOMIN.PRIV-S-1-5-32-544",
   "PrincipalType": "Group"
  }
 ],
 "ChildObjects": [
  {
   "ObjectIdentifier": "S-1-5-21-1839142828-2050326403-410060929-13518",
   "ObjectType": "User"
  },
  {
   "ObjectIdentifier": "S-1-5-21-1839142828-2050326403-410060929-7911",
   "ObjectType": "User"
  },
  {
   "ObjectIdentifier": "S-1-5-21-1839142828-2050326403-410060929-9967",
   "ObjectType": "User"
  },
  {
   "ObjectIdentifier": "S-1-5-21-1839142828-2050326403-410060929-9960",
   "ObjectType": "User"
  },
  {
   "ObjectIdentifier": "S-1-5-21-1839142828-2050326403-410060929-13336",
   "ObjectType": "User"
  },
  {
   "ObjectIdentifier": "S-1-5-21-1839142828-2050326403-410060929-13279",
   "ObjectType": "User"
  },
  {
   "ObjectIdentifier": "S-1-5-21-1839142828-2050326403-410060929-12886",
   "ObjectType": "User"
  },
  {
   "ObjectIdentifier": "S-1-5-21-1839142828-2050326403-410060929-13515",
   "ObjectType": "User"
  },
  {
   "ObjectIdentifier": "S-1-5-21-1839142828-2050326403-410060929-13282",
   "ObjectType": "User"
  },
  {
   "ObjectIdentifier": "S-1-5-21-1839142828-2050326403-410060929-13521",
   "ObjectType": "User"
  },
  {
   "ObjectIdentifier": "S-1-5-21-1839142828-2050326403-410060929-9971",
   "ObjectType": "User"
  },
  {
   "ObjectIdentifier": "S-1-5-21-1839142828-2050326403-410060929-13522",
   "ObjectType": "User"
  },
  {
   "ObjectIdentifier": "S-1-5-21-1839142828-2050326403-410060929-13325",
   "ObjectType": "User"
  },
  {
   "ObjectIdentifier": "S-1-5-21-1839142828-2050326403-410060929-13350",
   "ObjectType": "User"
  },
  {
   "ObjectIdentifier": "S-1-5-21-1839142828-2050326403-410060929-12176",
   "ObjectType": "User"
  },
  {
   "ObjectIdentifier": "S-1-5-21-1839142828-2050326403-410060929-13286",
   "ObjectType": "User"
  },
  {
   "ObjectIdentifier": "S-1-5-21-1839142828-2050326403-410060929-9958",
   "ObjectType": "User"
  },
  {
   "ObjectIdentifier": "S-1-5-21-1839142828-2050326403-410060929-12743",
   "ObjectType": "User"
  },
  {
   "ObjectIdentifier": "S-1-5-21-1839142828-2050326403-410060929-13337",
   "ObjectType": "User"
  },
  {
   "ObjectIdentifier": "S-1-5-21-1839142828-2050326403-410060929-12220",
   "ObjectType": "User"
  },
  {
   "ObjectIdentifier": "S-1-5-21-1839142828-2050326403-410060929-12223",
   "ObjectType": "User"
  },
  {
   "ObjectIdentifier": "S-1-5-21-1839142828-2050326403-410060929-12739",
   "ObjectType": "User"
  },
  {
   "ObjectIdentifier": "S-1-5-21-1839142828-2050326403-410060929-13514",
   "ObjectType": "User"
  },
  {
   "ObjectIdentifier": "S-1-5-21-1839142828-2050326403-410060929-12740",
   "ObjectType": "User"
  },
  {
   "ObjectIdentifier": "S-1-5-21-1839142828-2050326403-410060929-9964",
   "ObjectType": "User"
  },
  {
   "ObjectIdentifier": "S-1-5-21-1839142828-2050326403-410060929-13528",
   "ObjectType": "User"
  },
  {
   "ObjectIdentifier": "S-1-5-21-1839142828-2050326403-410060929-12881",
   "ObjectType": "User"
  },
  {
   "ObjectIdentifier": "S-1-5-21-1839142828-2050326403-410060929-9955",
   "ObjectType": "User"
  },
  {
   "ObjectIdentifier": "S-1-5-21-1839142828-2050326403-410060929-9962",
   "ObjectType": "User"
  },
  {
   "ObjectIdentifier": "S-1-5-21-1839142828-2050326403-410060929-19233",
   "ObjectType": "User"
  },
  {
   "ObjectIdentifier": "S-1-5-21-1839142828-2050326403-410060929-9953",
   "ObjectType": "User"
  },
  {
   "ObjectIdentifier": "S-1-5-21-1839142828-2050326403-410060929-9950",
   "ObjectType": "User"
  },
  {
   "ObjectIdentifier": "S-1-5-21-1839142828-2050326403-410060929-7240",
   "ObjectType": "User"
  },
  {
   "ObjectIdentifier": "S-1-5-21-1839142828-2050326403-410060929-19232",
   "ObjectType": "User"
  },
  {
   "ObjectIdentifier": "S-1-5-21-1839142828-2050326403-410060929-13516",
   "ObjectType": "User"
  },
  {
   "ObjectIdentifier": "S-1-5-21-1839142828-2050326403-410060929-12733",
   "ObjectType": "User"
  },
  {
   "ObjectIdentifier": "S-1-5-21-1839142828-2050326403-410060929-7237",
   "ObjectType": "User"
  },
  {
   "ObjectIdentifier": "S-1-5-21-1839142828-2050326403-410060929-13326",
   "ObjectType": "User"
  },
  {
   "ObjectIdentifier": "S-1-5-21-1839142828-2050326403-410060929-12892",
   "ObjectType": "User"
  },
  {
   "ObjectIdentifier": "S-1-5-21-1839142828-2050326403-410060929-12213",
   "ObjectType": "User"
  },
  {
   "ObjectIdentifier": "S-1-5-21-1839142828-2050326403-410060929-7901",
   "ObjectType": "User"
  },
  {
   "ObjectIdentifier": "S-1-5-21-1839142828-2050326403-410060929-19231",
   "ObjectType": "User"
  },
  {
   "ObjectIdentifier": "S-1-5-21-1839142828-2050326403-410060929-12887",
   "ObjectType": "User"
  },
  {
   "ObjectIdentifier": "S-1-5-21-1839142828-2050326403-410060929-13278",
   "ObjectType": "User"
  },
  {
   "ObjectIdentifier": "S-1-5-21-1839142828-2050326403-410060929-13519",
   "ObjectType": "User"
  },
  {
   "ObjectIdentifier": "S-1-5-21-1839142828-2050326403-410060929-12181",
   "ObjectType": "User"
  },
  {
   "ObjectIdentifier": "S-1-5-21-1839142828-2050326403-410060929-13520",
   "ObjectType": "User"
  },
  {
   "ObjectIdentifier": "S-1-5-21-1839142828-2050326403-410060929-12882",
   "ObjectType": "User"
  },
  {
   "ObjectIdentifier": "S-1-5-21-1839142828-2050326403-410060929-9970",
   "ObjectType": "User"
  },
  {
   "ObjectIdentifier": "S-1-5-21-1839142828-2050326403-410060929-13346",
   "ObjectType": "User"
  },
  {
   "ObjectIdentifier": "S-1-5-21-1839142828-2050326403-410060929-12182",
   "ObjectType": "User"
  },
  {
   "ObjectIdentifier": "S-1-5-21-1839142828-2050326403-410060929-7913",
   "ObjectType": "User"
  },
  {
   "ObjectIdentifier": "S-1-5-21-1839142828-2050326403-410060929-12880",
   "ObjectType": "User"
  },
  {
   "ObjectIdentifier": "S-1-5-21-1839142828-2050326403-410060929-12737",
   "ObjectType": "User"
  },
  {
   "ObjectIdentifier": "S-1-5-21-1839142828-2050326403-410060929-13532",
   "ObjectType": "User"
  },
  {
   "ObjectIdentifier": "S-1-5-21-1839142828-2050326403-410060929-12206",
   "ObjectType": "User"
  },
  {
   "ObjectIdentifier": "S-1-5-21-1839142828-2050326403-410060929-9948",
   "ObjectType": "User"
  },
  {
   "ObjectIdentifier": "S-1-5-21-1839142828-2050326403-410060929-9961",
   "ObjectType": "User"
  },
  {
   "ObjectIdentifier": "S-1-5-21-1839142828-2050326403-410060929-12888",
   "ObjectType": "User"
  },
  {
   "ObjectIdentifier": "S-1-5-21-1839142828-2050326403-410060929-12226",
   "ObjectType": "User"
  },
  {
   "ObjectIdentifier": "S-1-5-21-1839142828-2050326403-410060929-13524",
   "ObjectType": "User"
  },
  {
   "ObjectIdentifier": "S-1-5-21-1839142828-2050326403-410060929-12208",
   "ObjectType": "User"
  },
  {
   "ObjectIdentifier": "S-1-5-21-1839142828-2050326403-410060929-13296",
   "ObjectType": "User"
  },
  {
   "ObjectIdentifier": "S-1-5-21-1839142828-2050326403-410060929-7903",
   "ObjectType": "User"
  },
  {
   "ObjectIdentifier": "S-1-5-21-1839142828-2050326403-410060929-13527",
   "ObjectType": "User"
  },
  {
   "ObjectIdentifier": "S-1-5-21-1839142828-2050326403-410060929-12747",
   "ObjectType": "User"
  },
  {
   "ObjectIdentifier": "S-1-5-21-1839142828-2050326403-410060929-13517",
   "ObjectType": "User"
  },
  {
   "ObjectIdentifier": "S-1-5-21-1839142828-2050326403-410060929-7907",
   "ObjectType": "User"
  },
  {
   "ObjectIdentifier": "S-1-5-21-1839142828-2050326403-410060929-9963",
   "ObjectType": "User"
  },
  {
   "ObjectIdentifier": "S-1-5-21-1839142828-2050326403-410060929-13292",
   "ObjectType": "User"
  },
  {
   "ObjectIdentifier": "S-1-5-21-1839142828-2050326403-410060929-12729",
   "ObjectType": "User"
  },
  {
   "ObjectIdentifier": "S-1-5-21-1839142828-2050326403-410060929-12893",
   "ObjectType": "User"
  },
  {
   "ObjectIdentifier": "S-1-5-21-1839142828-2050326403-410060929-13293",
   "ObjectType": "User"
  },
  {
   "ObjectIdentifier": "S-1-5-21-1839142828-2050326403-410060929-12741",
   "ObjectType": "User"
  },
  {
   "ObjectIdentifier": "S-1-5-21-1839142828-2050326403-410060929-12201",
   "ObjectType": "User"
  },
  {
   "ObjectIdentifier": "S-1-5-21-1839142828-2050326403-410060929-19230",
   "ObjectType": "User"
  },
  {
   "ObjectIdentifier": "S-1-5-21-1839142828-2050326403-410060929-7909",
   "ObjectType": "User"
  },
  {
   "ObjectIdentifier": "S-1-5-21-1839142828-2050326403-410060929-7242",
   "ObjectType": "User"
  },
  {
   "ObjectIdentifier": "S-1-5-21-1839142828-2050326403-410060929-12731",
   "ObjectType": "User"
  },
  {
   "ObjectIdentifier": "S-1-5-21-1839142828-2050326403-410060929-7238",
   "ObjectType": "User"
  },
  {
   "ObjectIdentifier": "S-1-5-21-1839142828-2050326403-410060929-12174",
   "ObjectType": "User"
  },
  {
   "ObjectIdentifier": "S-1-5-21-1839142828-2050326403-410060929-13523",
   "ObjectType": "User"
  },
  {
   "ObjectIdentifier": "S-1-5-21-1839142828-2050326403-410060929-13327",
   "ObjectType": "User"
  },
  {
   "ObjectIdentifier": "S-1-5-21-1839142828-2050326403-410060929-7239",
   "ObjectType": "User"
  },
  {
   "ObjectIdentifier": "S-1-5-21-1839142828-2050326403-410060929-13287",
   "ObjectType": "User"
  },
  {
   "ObjectIdentifier": "S-1-5-21-1839142828-2050326403-410060929-12889",
   "ObjectType": "User"
  },
  {
   "ObjectIdentifier": "S-1-5-21-1839142828-2050326403-410060929-12186",
   "ObjectType": "User"
  },
  {
   "ObjectIdentifier": "S-1-5-21-1839142828-2050326403-410060929-9949",
   "ObjectType": "User"
  },
  {
   "ObjectIdentifier": "S-1-5-21-1839142828-2050326403-410060929-7906",
   "ObjectType": "User"
  },
  {
   "ObjectIdentifier": "S-1-5-21-1839142828-2050326403-410060929-13533",
   "ObjectType": "User"
  },
  {
   "ObjectIdentifier": "S-1-5-21-1839142828-2050326403-410060929-13297",
   "ObjectType": "User"
  },
  {
   "ObjectIdentifier": "S-1-5-21-1839142828-2050326403-410060929-13341",
   "ObjectType": "User"
  },
  {
   "ObjectIdentifier": "S-1-5-21-1839142828-2050326403-410060929-12891",
   "ObjectType": "User"
  },
  {
   "ObjectIdentifier": "S-1-5-21-1839142828-2050326403-410060929-12177",
   "ObjectType": "User"
  },
  {
   "ObjectIdentifier": "S-1-5-21-1839142828-2050326403-410060929-12746",
   "ObjectType": "User"
  },
  {
   "ObjectIdentifier": "S-1-5-21-1839142828-2050326403-410060929-13283",
   "ObjectType": "User"
  },
  {
   "ObjectIdentifier": "S-1-5-21-1839142828-2050326403-410060929-13526",
   "ObjectType": "User"
  },
  {
   "ObjectIdentifier": "S-1-5-21-1839142828-2050326403-410060929-7899",
   "ObjectType": "User"
  },
  {
   "ObjectIdentifier": "S-1-5-21-1839142828-2050326403-410060929-12884",
   "ObjectType": "User"
  },
  {
   "ObjectIdentifier": "S-1-5-21-1839142828-2050326403-410060929-13531",
   "ObjectType": "User"
  },
  {
   "ObjectIdentifier": "S-1-5-21-1839142828-2050326403-410060929-19229",
   "ObjectType": "User"
  },
  {
   "ObjectIdentifier": "S-1-5-21-1839142828-2050326403-410060929-7904",
   "ObjectType": "User"
  },
  {
   "ObjectIdentifier": "S-1-5-21-1839142828-2050326403-410060929-13530",
   "ObjectType": "User"
  },
  {
   "ObjectIdentifier": "S-1-5-21-1839142828-2050326403-410060929-13534",
   "ObjectType": "User"
  },
  {
   "ObjectIdentifier": "S-1-5-21-1839142828-2050326403-410060929-13529",
   "ObjectType": "User"
  },
  {
   "ObjectIdentifier": "S-1-5-21-1839142828-2050326403-410060929-12179",
   "ObjectType": "User"
  },
  {
   "ObjectIdentifier": "S-1-5-21-1839142828-2050326403-410060929-7905",
   "ObjectType": "User"
  },
  {
   "ObjectIdentifier": "S-1-5-21-1839142828-2050326403-410060929-9959",
   "ObjectType": "User"
  },
  {
   "ObjectIdentifier": "S-1-5-21-1839142828-2050326403-410060929-13332",
   "ObjectType": "User"
  },
  {
   "ObjectIdentifier": "S-1-5-21-1839142828-2050326403-410060929-12744",
   "ObjectType": "User"
  },
  {
   "ObjectIdentifier": "S-1-5-21-1839142828-2050326403-410060929-13295",
   "ObjectType": "User"
  },
  {
   "ObjectIdentifier": "S-1-5-21-1839142828-2050326403-410060929-12180",
   "ObjectType": "User"
  },
  {
   "ObjectIdentifier": "S-1-5-21-1839142828-2050326403-410060929-12890",
   "ObjectType": "User"
  },
  {
   "ObjectIdentifier": "S-1-5-21-1839142828-2050326403-410060929-13435",
   "ObjectType": "User"
  },
  {
   "ObjectIdentifier": "S-1-5-21-1839142828-2050326403-410060929-7241",
   "ObjectType": "User"
  },
  {
   "ObjectIdentifier": "S-1-5-21-1839142828-2050326403-410060929-13280",
   "ObjectType": "User"
  }
 ]
},{
 "ObjectIdentifier": "B9892F6B-A931-4DD2-9AA6-E0CF10ED3876",
 "Properties": {
  "domain": "VMC.VENTOMIN.PRIV",
  "name": "SOM@VMC.VENTOMIN.PRIV",
  "distinguishedname": "CN=SOM,CN=WMIPOLICY,CN=SYSTEM,DC=VMC,DC=VENTOMIN,DC=PRIV",
  "domainsid": "S-1-5-21-1839142828-2050326403-410060929",
  "highvalue": false,
  "description": "",
  "whencreated": 1084890890
 },
 "IsDeleted": false,
 "IsACLProtected": true,
 "Aces": [
  {
   "RightName": "Owns",
   "IsInherited": false,
   "PrincipalSID": "S-1-5-21-1839142828-2050326403-410060929-512",
   "PrincipalType": "Group"
  },
  {
   "RightName": "GenericAll",
   "IsInherited": false,
   "PrincipalSID": "S-1-5-21-1060284298-1592454029-682003330-519",
   "PrincipalType": "Group"
  },
  {
   "RightName": "GenericAll",
   "IsInherited": false,
   "PrincipalSID": "S-1-5-21-1839142828-2050326403-410060929-512",
   "PrincipalType": "Group"
  }
 ],
 "ChildObjects": []
},{
 "ObjectIdentifier": "45D69A30-0614-43D7-A962-F94F32EB5A76",
 "Properties": {
  "domain": "VMC.VENTOMIN.PRIV",
  "name": "ADFS@VMC.VENTOMIN.PRIV",
  "distinguishedname": "CN=ADFS,CN=MICROSOFT,CN=PROGRAM DATA,DC=VMC,DC=VENTOMIN,DC=PRIV",
  "domainsid": "S-1-5-21-1839142828-2050326403-410060929",
  "highvalue": false,
  "description": "",
  "whencreated": 1407935357
 },
 "IsDeleted": false,
 "IsACLProtected": false,
 "Aces": [
  {
   "RightName": "Owns",
   "IsInherited": false,
   "PrincipalSID": "S-1-5-21-1839142828-2050326403-410060929-512",
   "PrincipalType": "Group"
  },
  {
   "RightName": "GenericAll",
   "IsInherited": false,
   "PrincipalSID": "S-1-5-21-1839142828-2050326403-410060929-512",
   "PrincipalType": "Group"
  },
  {
   "RightName": "GenericAll",
   "IsInherited": true,
   "PrincipalSID": "S-1-5-21-1060284298-1592454029-682003330-519",
   "PrincipalType": "Group"
  },
  {
   "RightName": "WriteOwner",
   "IsInherited": true,
   "PrincipalSID": "VMC.VENTOMIN.PRIV-S-1-5-32-544",
   "PrincipalType": "Group"
  },
  {
   "RightName": "WriteDacl",
   "IsInherited": true,
   "PrincipalSID": "VMC.VENTOMIN.PRIV-S-1-5-32-544",
   "PrincipalType": "Group"
  }
 ],
 "ChildObjects": []
},{
 "ObjectIdentifier": "992A1AD6-EE0F-4634-BE9B-4CF9AF173E3C",
 "Properties": {
  "domain": "VMC.VENTOMIN.PRIV",
  "name": "WMIPOLICY@VMC.VENTOMIN.PRIV",
  "distinguishedname": "CN=WMIPOLICY,CN=SYSTEM,DC=VMC,DC=VENTOMIN,DC=PRIV",
  "domainsid": "S-1-5-21-1839142828-2050326403-410060929",
  "highvalue": false,
  "description": "",
  "whencreated": 1084890889
 },
 "IsDeleted": false,
 "IsACLProtected": true,
 "Aces": [
  {
   "RightName": "Owns",
   "IsInherited": false,
   "PrincipalSID": "S-1-5-21-1839142828-2050326403-410060929-512",
   "PrincipalType": "Group"
  },
  {
   "RightName": "GenericAll",
   "IsInherited": false,
   "PrincipalSID": "S-1-5-21-1060284298-1592454029-682003330-519",
   "PrincipalType": "Group"
  },
  {
   "RightName": "GenericAll",
   "IsInherited": false,
   "PrincipalSID": "S-1-5-21-1839142828-2050326403-410060929-512",
   "PrincipalType": "Group"
  }
 ],
 "ChildObjects": []
},{
 "ObjectIdentifier": "FF27582E-D5DC-4DD2-A2CF-0680CFE22698",
 "Properties": {
  "domain": "VMC.VENTOMIN.PRIV",
  "name": "COMPARTITIONSETS@VMC.VENTOMIN.PRIV",
  "distinguishedname": "CN=COMPARTITIONSETS,CN=SYSTEM,DC=VMC,DC=VENTOMIN,DC=PRIV",
  "domainsid": "S-1-5-21-1839142828-2050326403-410060929",
  "highvalue": false,
  "description": "",
  "whencreated": 1084890889
 },
 "IsDeleted": false,
 "IsACLProtected": false,
 "Aces": [
  {
   "RightName": "Owns",
   "IsInherited": false,
   "PrincipalSID": "S-1-5-21-1839142828-2050326403-410060929-512",
   "PrincipalType": "Group"
  },
  {
   "RightName": "WriteOwner",
   "IsInherited": false,
   "PrincipalSID": "S-1-5-21-1839142828-2050326403-410060929-512",
   "PrincipalType": "Group"
  },
  {
   "RightName": "WriteDacl",
   "IsInherited": false,
   "PrincipalSID": "S-1-5-21-1839142828-2050326403-410060929-512",
   "PrincipalType": "Group"
  },
  {
   "RightName": "GenericAll",
   "IsInherited": true,
   "PrincipalSID": "S-1-5-21-1060284298-1592454029-682003330-519",
   "PrincipalType": "Group"
  },
  {
   "RightName": "WriteOwner",
   "IsInherited": true,
   "PrincipalSID": "VMC.VENTOMIN.PRIV-S-1-5-32-544",
   "PrincipalType": "Group"
  },
  {
   "RightName": "WriteDacl",
   "IsInherited": true,
   "PrincipalSID": "VMC.VENTOMIN.PRIV-S-1-5-32-544",
   "PrincipalType": "Group"
  }
 ],
 "ChildObjects": []
},{
 "ObjectIdentifier": "11A26851-635C-4C46-8BE4-28635B814B42",
 "Properties": {
  "domain": "VMC.VENTOMIN.PRIV",
  "name": "COMPARTITIONS@VMC.VENTOMIN.PRIV",
  "distinguishedname": "CN=COMPARTITIONS,CN=SYSTEM,DC=VMC,DC=VENTOMIN,DC=PRIV",
  "domainsid": "S-1-5-21-1839142828-2050326403-410060929",
  "highvalue": false,
  "description": "",
  "whencreated": 1084890889
 },
 "IsDeleted": false,
 "IsACLProtected": false,
 "Aces": [
  {
   "RightName": "Owns",
   "IsInherited": false,
   "PrincipalSID": "S-1-5-21-1839142828-2050326403-410060929-512",
   "PrincipalType": "Group"
  },
  {
   "RightName": "WriteOwner",
   "IsInherited": false,
   "PrincipalSID": "S-1-5-21-1839142828-2050326403-410060929-512",
   "PrincipalType": "Group"
  },
  {
   "RightName": "WriteDacl",
   "IsInherited": false,
   "PrincipalSID": "S-1-5-21-1839142828-2050326403-410060929-512",
   "PrincipalType": "Group"
  },
  {
   "RightName": "GenericAll",
   "IsInherited": true,
   "PrincipalSID": "S-1-5-21-1060284298-1592454029-682003330-519",
   "PrincipalType": "Group"
  },
  {
   "RightName": "WriteOwner",
   "IsInherited": true,
   "PrincipalSID": "VMC.VENTOMIN.PRIV-S-1-5-32-544",
   "PrincipalType": "Group"
  },
  {
   "RightName": "WriteDacl",
   "IsInherited": true,
   "PrincipalSID": "VMC.VENTOMIN.PRIV-S-1-5-32-544",
   "PrincipalType": "Group"
  }
 ],
 "ChildObjects": []
},{
 "ObjectIdentifier": "99ADC054-A8FD-4AB0-B962-9BE5528401AB",
 "Properties": {
  "domain": "VMC.VENTOMIN.PRIV",
  "name": "ADMINSDHOLDER@VMC.VENTOMIN.PRIV",
  "distinguishedname": "CN=ADMINSDHOLDER,CN=SYSTEM,DC=VMC,DC=VENTOMIN,DC=PRIV",
  "domainsid": "S-1-5-21-1839142828-2050326403-410060929",
  "highvalue": false,
  "description": "",
  "whencreated": 1039532746
 },
 "IsDeleted": false,
 "IsACLProtected": true,
 "Aces": [
  {
   "RightName": "Owns",
   "IsInherited": false,
   "PrincipalSID": "S-1-5-21-1839142828-2050326403-410060929-512",
   "PrincipalType": "Group"
  },
  {
   "RightName": "WriteOwner",
   "IsInherited": false,
   "PrincipalSID": "S-1-5-21-1060284298-1592454029-682003330-519",
   "PrincipalType": "Group"
  },
  {
   "RightName": "WriteDacl",
   "IsInherited": false,
   "PrincipalSID": "S-1-5-21-1060284298-1592454029-682003330-519",
   "PrincipalType": "Group"
  },
  {
   "RightName": "WriteOwner",
   "IsInherited": false,
   "PrincipalSID": "S-1-5-21-1839142828-2050326403-410060929-512",
   "PrincipalType": "Group"
  },
  {
   "RightName": "WriteDacl",
   "IsInherited": false,
   "PrincipalSID": "S-1-5-21-1839142828-2050326403-410060929-512",
   "PrincipalType": "Group"
  },
  {
   "RightName": "WriteOwner",
   "IsInherited": false,
   "PrincipalSID": "VMC.VENTOMIN.PRIV-S-1-5-32-544",
   "PrincipalType": "Group"
  },
  {
   "RightName": "WriteDacl",
   "IsInherited": false,
   "PrincipalSID": "VMC.VENTOMIN.PRIV-S-1-5-32-544",
   "PrincipalType": "Group"
  }
 ],
 "ChildObjects": []
},{
 "ObjectIdentifier": "FF629591-FA1D-43B0-A6AC-4B4731AD8DBC",
 "Properties": {
  "domain": "VMC.VENTOMIN.PRIV",
  "name": "MICROSOFTDNS@VMC.VENTOMIN.PRIV",
  "distinguishedname": "CN=MICROSOFTDNS,CN=SYSTEM,DC=VMC,DC=VENTOMIN,DC=PRIV",
  "domainsid": "S-1-5-21-1839142828-2050326403-410060929",
  "highvalue": false,
  "description": "",
  "whencreated": 1039534145
 },
 "IsDeleted": false,
 "IsACLProtected": false,
 "Aces": [
  {
   "RightName": "GenericAll",
   "IsInherited": false,
   "PrincipalSID": "S-1-5-21-1839142828-2050326403-410060929-512",
   "PrincipalType": "Group"
  },
  {
   "RightName": "GenericAll",
   "IsInherited": false,
   "PrincipalSID": "S-1-5-21-1839142828-2050326403-410060929-1731",
   "PrincipalType": "Group"
  },
  {
   "RightName": "GenericAll",
   "IsInherited": true,
   "PrincipalSID": "S-1-5-21-1060284298-1592454029-682003330-519",
   "PrincipalType": "Group"
  },
  {
   "RightName": "WriteOwner",
   "IsInherited": true,
   "PrincipalSID": "VMC.VENTOMIN.PRIV-S-1-5-32-544",
   "PrincipalType": "Group"
  },
  {
   "RightName": "WriteDacl",
   "IsInherited": true,
   "PrincipalSID": "VMC.VENTOMIN.PRIV-S-1-5-32-544",
   "PrincipalType": "Group"
  }
 ],
 "ChildObjects": []
},{
 "ObjectIdentifier": "7241A543-5787-4923-9B9A-FB08309E9624",
 "Properties": {
  "domain": "VMC.VENTOMIN.PRIV",
  "name": "POLICIES@VMC.VENTOMIN.PRIV",
  "distinguishedname": "CN=POLICIES,CN=SYSTEM,DC=VMC,DC=VENTOMIN,DC=PRIV",
  "domainsid": "S-1-5-21-1839142828-2050326403-410060929",
  "highvalue": false,
  "description": "",
  "whencreated": 1039532745
 },
 "IsDeleted": false,
 "IsACLProtected": false,
 "Aces": [
  {
   "RightName": "Owns",
   "IsInherited": false,
   "PrincipalSID": "S-1-5-21-1839142828-2050326403-410060929-512",
   "PrincipalType": "Group"
  },
  {
   "RightName": "WriteOwner",
   "IsInherited": false,
   "PrincipalSID": "S-1-5-21-1839142828-2050326403-410060929-512",
   "PrincipalType": "Group"
  },
  {
   "RightName": "WriteDacl",
   "IsInherited": false,
   "PrincipalSID": "S-1-5-21-1839142828-2050326403-410060929-512",
   "PrincipalType": "Group"
  },
  {
   "RightName": "GenericAll",
   "IsInherited": true,
   "PrincipalSID": "S-1-5-21-1060284298-1592454029-682003330-519",
   "PrincipalType": "Group"
  },
  {
   "RightName": "WriteOwner",
   "IsInherited": true,
   "PrincipalSID": "VMC.VENTOMIN.PRIV-S-1-5-32-544",
   "PrincipalType": "Group"
  },
  {
   "RightName": "WriteDacl",
   "IsInherited": true,
   "PrincipalSID": "VMC.VENTOMIN.PRIV-S-1-5-32-544",
   "PrincipalType": "Group"
  }
 ],
 "ChildObjects": []
},{
 "ObjectIdentifier": "35DE7357-208D-47F6-B982-B6BC414C781F",
 "Properties": {
  "domain": "VMC.VENTOMIN.PRIV",
  "name": "RAS AND IAS SERVERS ACCESS CHECK@VMC.VENTOMIN.PRIV",
  "distinguishedname": "CN=RAS AND IAS SERVERS ACCESS CHECK,CN=SYSTEM,DC=VMC,DC=VENTOMIN,DC=PRIV",
  "domainsid": "S-1-5-21-1839142828-2050326403-410060929",
  "highvalue": false,
  "description": "",
  "whencreated": 1039532745
 },
 "IsDeleted": false,
 "IsACLProtected": false,
 "Aces": [
  {
   "RightName": "Owns",
   "IsInherited": false,
   "PrincipalSID": "S-1-5-21-1839142828-2050326403-410060929-512",
   "PrincipalType": "Group"
  },
  {
   "RightName": "WriteOwner",
   "IsInherited": false,
   "PrincipalSID": "S-1-5-21-1839142828-2050326403-410060929-553",
   "PrincipalType": "Group"
  },
  {
   "RightName": "WriteDacl",
   "IsInherited": false,
   "PrincipalSID": "S-1-5-21-1839142828-2050326403-410060929-553",
   "PrincipalType": "Group"
  },
  {
   "RightName": "GenericAll",
   "IsInherited": true,
   "PrincipalSID": "S-1-5-21-1060284298-1592454029-682003330-519",
   "PrincipalType": "Group"
  },
  {
   "RightName": "WriteOwner",
   "IsInherited": true,
   "PrincipalSID": "VMC.VENTOMIN.PRIV-S-1-5-32-544",
   "PrincipalType": "Group"
  },
  {
   "RightName": "WriteDacl",
   "IsInherited": true,
   "PrincipalSID": "VMC.VENTOMIN.PRIV-S-1-5-32-544",
   "PrincipalType": "Group"
  }
 ],
 "ChildObjects": []
},{
 "ObjectIdentifier": "379C5F30-0690-4463-B0D7-35F120B528A6",
 "Properties": {
  "domain": "VMC.VENTOMIN.PRIV",
  "name": "MEETINGS@VMC.VENTOMIN.PRIV",
  "distinguishedname": "CN=MEETINGS,CN=SYSTEM,DC=VMC,DC=VENTOMIN,DC=PRIV",
  "domainsid": "S-1-5-21-1839142828-2050326403-410060929",
  "highvalue": false,
  "description": "",
  "whencreated": 1039532745
 },
 "IsDeleted": false,
 "IsACLProtected": false,
 "Aces": [
  {
   "RightName": "Owns",
   "IsInherited": false,
   "PrincipalSID": "S-1-5-21-1839142828-2050326403-410060929-512",
   "PrincipalType": "Group"
  },
  {
   "RightName": "WriteOwner",
   "IsInherited": false,
   "PrincipalSID": "S-1-5-21-1839142828-2050326403-410060929-512",
   "PrincipalType": "Group"
  },
  {
   "RightName": "WriteDacl",
   "IsInherited": false,
   "PrincipalSID": "S-1-5-21-1839142828-2050326403-410060929-512",
   "PrincipalType": "Group"
  },
  {
   "RightName": "GenericAll",
   "IsInherited": true,
   "PrincipalSID": "S-1-5-21-1060284298-1592454029-682003330-519",
   "PrincipalType": "Group"
  },
  {
   "RightName": "WriteOwner",
   "IsInherited": true,
   "PrincipalSID": "VMC.VENTOMIN.PRIV-S-1-5-32-544",
   "PrincipalType": "Group"
  },
  {
   "RightName": "WriteDacl",
   "IsInherited": true,
   "PrincipalSID": "VMC.VENTOMIN.PRIV-S-1-5-32-544",
   "PrincipalType": "Group"
  }
 ],
 "ChildObjects": []
},{
 "ObjectIdentifier": "E805FB11-80EE-4913-AAD8-E00253EA1FE0",
 "Properties": {
  "domain": "VMC.VENTOMIN.PRIV",
  "name": "WINSOCKSERVICES@VMC.VENTOMIN.PRIV",
  "distinguishedname": "CN=WINSOCKSERVICES,CN=SYSTEM,DC=VMC,DC=VENTOMIN,DC=PRIV",
  "domainsid": "S-1-5-21-1839142828-2050326403-410060929",
  "highvalue": false,
  "description": "",
  "whencreated": 1039532745
 },
 "IsDeleted": false,
 "IsACLProtected": false,
 "Aces": [
  {
   "RightName": "Owns",
   "IsInherited": false,
   "PrincipalSID": "S-1-5-21-1839142828-2050326403-410060929-512",
   "PrincipalType": "Group"
  },
  {
   "RightName": "WriteOwner",
   "IsInherited": false,
   "PrincipalSID": "S-1-5-21-1839142828-2050326403-410060929-512",
   "PrincipalType": "Group"
  },
  {
   "RightName": "WriteDacl",
   "IsInherited": false,
   "PrincipalSID": "S-1-5-21-1839142828-2050326403-410060929-512",
   "PrincipalType": "Group"
  },
  {
   "RightName": "GenericAll",
   "IsInherited": true,
   "PrincipalSID": "S-1-5-21-1060284298-1592454029-682003330-519",
   "PrincipalType": "Group"
  },
  {
   "RightName": "WriteOwner",
   "IsInherited": true,
   "PrincipalSID": "VMC.VENTOMIN.PRIV-S-1-5-32-544",
   "PrincipalType": "Group"
  },
  {
   "RightName": "WriteDacl",
   "IsInherited": true,
   "PrincipalSID": "VMC.VENTOMIN.PRIV-S-1-5-32-544",
   "PrincipalType": "Group"
  }
 ],
 "ChildObjects": []
},{
 "ObjectIdentifier": "4445551E-251C-49E7-B400-B6C14BBDAADC",
 "Properties": {
  "domain": "VMC.VENTOMIN.PRIV",
  "name": "MANAGED SERVICE ACCOUNTS@VMC.VENTOMIN.PRIV",
  "distinguishedname": "CN=MANAGED SERVICE ACCOUNTS,DC=VMC,DC=VENTOMIN,DC=PRIV",
  "domainsid": "S-1-5-21-1839142828-2050326403-410060929",
  "highvalue": false,
  "description": "Default container for managed service accounts.",
  "whencreated": 1274344710
 },
 "IsDeleted": false,
 "IsACLProtected": false,
 "Aces": [
  {
   "RightName": "Owns",
   "IsInherited": false,
   "PrincipalSID": "S-1-5-21-1839142828-2050326403-410060929-512",
   "PrincipalType": "Group"
  },
  {
   "RightName": "WriteOwner",
   "IsInherited": false,
   "PrincipalSID": "S-1-5-21-1839142828-2050326403-410060929-512",
   "PrincipalType": "Group"
  },
  {
   "RightName": "WriteDacl",
   "IsInherited": false,
   "PrincipalSID": "S-1-5-21-1839142828-2050326403-410060929-512",
   "PrincipalType": "Group"
  },
  {
   "RightName": "GenericAll",
   "IsInherited": true,
   "PrincipalSID": "S-1-5-21-1060284298-1592454029-682003330-519",
   "PrincipalType": "Group"
  },
  {
   "RightName": "WriteOwner",
   "IsInherited": true,
   "PrincipalSID": "VMC.VENTOMIN.PRIV-S-1-5-32-544",
   "PrincipalType": "Group"
  },
  {
   "RightName": "WriteDacl",
   "IsInherited": true,
   "PrincipalSID": "VMC.VENTOMIN.PRIV-S-1-5-32-544",
   "PrincipalType": "Group"
  }
 ],
 "ChildObjects": [
  {
   "ObjectIdentifier": "S-1-5-21-1839142828-2050326403-410060929-5770",
   "ObjectType": "User"
  }
 ]
},{
 "ObjectIdentifier": "23631200-A7BB-45E1-BF9D-EB59C0BCCFF7",
 "Properties": {
  "domain": "VMC.VENTOMIN.PRIV",
  "name": "FOREIGNSECURITYPRINCIPALS@VMC.VENTOMIN.PRIV",
  "distinguishedname": "CN=FOREIGNSECURITYPRINCIPALS,DC=VMC,DC=VENTOMIN,DC=PRIV",
  "domainsid": "S-1-5-21-1839142828-2050326403-410060929",
  "highvalue": false,
  "description": "Default container for security identifiers (SIDs) associated with objects from external, trusted domains",
  "whencreated": 1039532746
 },
 "IsDeleted": false,
 "IsACLProtected": false,
 "Aces": [
  {
   "RightName": "Owns",
   "IsInherited": false,
   "PrincipalSID": "S-1-5-21-1839142828-2050326403-410060929-512",
   "PrincipalType": "Group"
  },
  {
   "RightName": "GenericAll",
   "IsInherited": false,
   "PrincipalSID": "S-1-5-21-1839142828-2050326403-410060929-512",
   "PrincipalType": "Group"
  },
  {
   "RightName": "GenericAll",
   "IsInherited": true,
   "PrincipalSID": "S-1-5-21-1060284298-1592454029-682003330-519",
   "PrincipalType": "Group"
  },
  {
   "RightName": "WriteOwner",
   "IsInherited": true,
   "PrincipalSID": "VMC.VENTOMIN.PRIV-S-1-5-32-544",
   "PrincipalType": "Group"
  },
  {
   "RightName": "WriteDacl",
   "IsInherited": true,
   "PrincipalSID": "VMC.VENTOMIN.PRIV-S-1-5-32-544",
   "PrincipalType": "Group"
  }
 ],
 "ChildObjects": []
},{
 "ObjectIdentifier": "ECEED8CC-4C7E-49EA-BA43-63C22C069BD1",
 "Properties": {
  "domain": "VMC.VENTOMIN.PRIV",
  "name": "MICROSOFT@VMC.VENTOMIN.PRIV",
  "distinguishedname": "CN=MICROSOFT,CN=PROGRAM DATA,DC=VMC,DC=VENTOMIN,DC=PRIV",
  "domainsid": "S-1-5-21-1839142828-2050326403-410060929",
  "highvalue": false,
  "description": "Default location for storage of Microsoft application data.",
  "whencreated": 1084890890
 },
 "IsDeleted": false,
 "IsACLProtected": false,
 "Aces": [
  {
   "RightName": "Owns",
   "IsInherited": false,
   "PrincipalSID": "S-1-5-21-1839142828-2050326403-410060929-512",
   "PrincipalType": "Group"
  },
  {
   "RightName": "GenericAll",
   "IsInherited": false,
   "PrincipalSID": "S-1-5-21-1839142828-2050326403-410060929-512",
   "PrincipalType": "Group"
  },
  {
   "RightName": "GenericAll",
   "IsInherited": true,
   "PrincipalSID": "S-1-5-21-1060284298-1592454029-682003330-519",
   "PrincipalType": "Group"
  },
  {
   "RightName": "WriteOwner",
   "IsInherited": true,
   "PrincipalSID": "VMC.VENTOMIN.PRIV-S-1-5-32-544",
   "PrincipalType": "Group"
  },
  {
   "RightName": "WriteDacl",
   "IsInherited": true,
   "PrincipalSID": "VMC.VENTOMIN.PRIV-S-1-5-32-544",
   "PrincipalType": "Group"
  }
 ],
 "ChildObjects": []
},{
 "ObjectIdentifier": "72EAC123-E181-456A-8D82-23949402FF31",
 "Properties": {
  "domain": "VMC.VENTOMIN.PRIV",
  "name": "PROGRAM DATA@VMC.VENTOMIN.PRIV",
  "distinguishedname": "CN=PROGRAM DATA,DC=VMC,DC=VENTOMIN,DC=PRIV",
  "domainsid": "S-1-5-21-1839142828-2050326403-410060929",
  "highvalue": false,
  "description": "Default location for storage of application data.",
  "whencreated": 1084890890
 },
 "IsDeleted": false,
 "IsACLProtected": false,
 "Aces": [
  {
   "RightName": "Owns",
   "IsInherited": false,
   "PrincipalSID": "S-1-5-21-1839142828-2050326403-410060929-512",
   "PrincipalType": "Group"
  },
  {
   "RightName": "GenericAll",
   "IsInherited": false,
   "PrincipalSID": "S-1-5-21-1839142828-2050326403-410060929-512",
   "PrincipalType": "Group"
  },
  {
   "RightName": "GenericAll",
   "IsInherited": true,
   "PrincipalSID": "S-1-5-21-1060284298-1592454029-682003330-519",
   "PrincipalType": "Group"
  },
  {
   "RightName": "WriteOwner",
   "IsInherited": true,
   "PrincipalSID": "VMC.VENTOMIN.PRIV-S-1-5-32-544",
   "PrincipalType": "Group"
  },
  {
   "RightName": "WriteDacl",
   "IsInherited": true,
   "PrincipalSID": "VMC.VENTOMIN.PRIV-S-1-5-32-544",
   "PrincipalType": "Group"
  }
 ],
 "ChildObjects": []
},{
 "ObjectIdentifier": "C93DE30F-2DF3-44BE-8C18-157527BADF96",
 "Properties": {
  "domain": "VMC.VENTOMIN.PRIV",
  "name": "SYSTEM@VMC.VENTOMIN.PRIV",
  "distinguishedname": "CN=SYSTEM,DC=VMC,DC=VENTOMIN,DC=PRIV",
  "domainsid": "S-1-5-21-1839142828-2050326403-410060929",
  "highvalue": false,
  "description": "Builtin system settings",
  "whencreated": 1039532745
 },
 "IsDeleted": false,
 "IsACLProtected": false,
 "Aces": [
  {
   "RightName": "Owns",
   "IsInherited": false,
   "PrincipalSID": "S-1-5-21-1839142828-2050326403-410060929-512",
   "PrincipalType": "Group"
  },
  {
   "RightName": "WriteOwner",
   "IsInherited": false,
   "PrincipalSID": "S-1-5-21-1839142828-2050326403-410060929-512",
   "PrincipalType": "Group"
  },
  {
   "RightName": "WriteDacl",
   "IsInherited": false,
   "PrincipalSID": "S-1-5-21-1839142828-2050326403-410060929-512",
   "PrincipalType": "Group"
  },
  {
   "RightName": "GenericAll",
   "IsInherited": true,
   "PrincipalSID": "S-1-5-21-1060284298-1592454029-682003330-519",
   "PrincipalType": "Group"
  },
  {
   "RightName": "WriteOwner",
   "IsInherited": true,
   "PrincipalSID": "VMC.VENTOMIN.PRIV-S-1-5-32-544",
   "PrincipalType": "Group"
  },
  {
   "RightName": "WriteDacl",
   "IsInherited": true,
   "PrincipalSID": "VMC.VENTOMIN.PRIV-S-1-5-32-544",
   "PrincipalType": "Group"
  }
 ],
 "ChildObjects": []
},{
 "ObjectIdentifier": "AC6E44D0-BDA6-4D50-81FC-A5E9F281CFB5",
 "Properties": {
  "domain": "VMC.VENTOMIN.PRIV",
  "name": "COMPUTERS@VMC.VENTOMIN.PRIV",
  "distinguishedname": "CN=COMPUTERS,DC=VMC,DC=VENTOMIN,DC=PRIV",
  "domainsid": "S-1-5-21-1839142828-2050326403-410060929",
  "highvalue": false,
  "description": "Default container for upgraded computer accounts",
  "whencreated": 1039532745
 },
 "IsDeleted": false,
 "IsACLProtected": false,
 "Aces": [
  {
   "RightName": "Owns",
   "IsInherited": false,
   "PrincipalSID": "S-1-5-21-1839142828-2050326403-410060929-512",
   "PrincipalType": "Group"
  },
  {
   "RightName": "WriteOwner",
   "IsInherited": false,
   "PrincipalSID": "S-1-5-21-1839142828-2050326403-410060929-512",
   "PrincipalType": "Group"
  },
  {
   "RightName": "WriteDacl",
   "IsInherited": false,
   "PrincipalSID": "S-1-5-21-1839142828-2050326403-410060929-512",
   "PrincipalType": "Group"
  },
  {
   "RightName": "GenericAll",
   "IsInherited": true,
   "PrincipalSID": "S-1-5-21-1060284298-1592454029-682003330-519",
   "PrincipalType": "Group"
  },
  {
   "RightName": "WriteOwner",
   "IsInherited": true,
   "PrincipalSID": "VMC.VENTOMIN.PRIV-S-1-5-32-544",
   "PrincipalType": "Group"
  },
  {
   "RightName": "WriteDacl",
   "IsInherited": true,
   "PrincipalSID": "VMC.VENTOMIN.PRIV-S-1-5-32-544",
   "PrincipalType": "Group"
  }
 ],
 "ChildObjects": [
  {
   "ObjectIdentifier": "S-1-5-21-1839142828-2050326403-410060929-13401",
   "ObjectType": "Computer"
  },
  {
   "ObjectIdentifier": "S-1-5-21-1839142828-2050326403-410060929-18229",
   "ObjectType": "Computer"
  },
  {
   "ObjectIdentifier": "S-1-5-21-1839142828-2050326403-410060929-12307",
   "ObjectType": "Computer"
  },
  {
   "ObjectIdentifier": "S-1-5-21-1839142828-2050326403-410060929-12306",
   "ObjectType": "Computer"
  },
  {
   "ObjectIdentifier": "S-1-5-21-1839142828-2050326403-410060929-20249",
   "ObjectType": "Computer"
  },
  {
   "ObjectIdentifier": "S-1-5-21-1839142828-2050326403-410060929-22277",
   "ObjectType": "Computer"
  },
  {
   "ObjectIdentifier": "S-1-5-21-1839142828-2050326403-410060929-13730",
   "ObjectType": "Computer"
  },
  {
   "ObjectIdentifier": "S-1-5-21-1839142828-2050326403-410060929-13498",
   "ObjectType": "Group"
  },
  {
   "ObjectIdentifier": "S-1-5-21-1839142828-2050326403-410060929-19237",
   "ObjectType": "Computer"
  }
 ]
},{
 "ObjectIdentifier": "C4084B18-F9FD-439F-A3F0-670DAB494A3F",
 "Properties": {
  "domain": "VMC.VENTOMIN.PRIV",
  "name": "USERS@VMC.VENTOMIN.PRIV",
  "distinguishedname": "CN=USERS,DC=VMC,DC=VENTOMIN,DC=PRIV",
  "domainsid": "S-1-5-21-1839142828-2050326403-410060929",
  "highvalue": false,
  "description": "Default container for upgraded user accounts",
  "whencreated": 1039532745
 },
 "IsDeleted": false,
 "IsACLProtected": false,
 "Aces": [
  {
   "RightName": "Owns",
   "IsInherited": false,
   "PrincipalSID": "S-1-5-21-1839142828-2050326403-410060929-512",
   "PrincipalType": "Group"
  },
  {
   "RightName": "WriteOwner",
   "IsInherited": false,
   "PrincipalSID": "S-1-5-21-1839142828-2050326403-410060929-512",
   "PrincipalType": "Group"
  },
  {
   "RightName": "WriteDacl",
   "IsInherited": false,
   "PrincipalSID": "S-1-5-21-1839142828-2050326403-410060929-512",
   "PrincipalType": "Group"
  },
  {
   "RightName": "GenericAll",
   "IsInherited": true,
   "PrincipalSID": "S-1-5-21-1060284298-1592454029-682003330-519",
   "PrincipalType": "Group"
  },
  {
   "RightName": "WriteOwner",
   "IsInherited": true,
   "PrincipalSID": "VMC.VENTOMIN.PRIV-S-1-5-32-544",
   "PrincipalType": "Group"
  },
  {
   "RightName": "WriteDacl",
   "IsInherited": true,
   "PrincipalSID": "VMC.VENTOMIN.PRIV-S-1-5-32-544",
   "PrincipalType": "Group"
  }
 ],
 "ChildObjects": [
  {
   "ObjectIdentifier": "S-1-5-21-1839142828-2050326403-410060929-1730",
   "ObjectType": "Group"
  },
  {
   "ObjectIdentifier": "S-1-5-21-1839142828-2050326403-410060929-9894",
   "ObjectType": "Group"
  },
  {
   "ObjectIdentifier": "S-1-5-21-1839142828-2050326403-410060929-11895",
   "ObjectType": "Group"
  },
  {
   "ObjectIdentifier": "S-1-5-21-1839142828-2050326403-410060929-2231",
   "ObjectType": "Group"
  },
  {
   "ObjectIdentifier": "S-1-5-21-1839142828-2050326403-410060929-12413",
   "ObjectType": "Group"
  },
  {
   "ObjectIdentifier": "S-1-5-21-1839142828-2050326403-410060929-7934",
   "ObjectType": "Group"
  },
  {
   "ObjectIdentifier": "S-1-5-21-1839142828-2050326403-410060929-12311",
   "ObjectType": "Group"
  },
  {
   "ObjectIdentifier": "S-1-5-21-1839142828-2050326403-410060929-7746",
   "ObjectType": "Group"
  },
  {
   "ObjectIdentifier": "S-1-5-21-1839142828-2050326403-410060929-7745",
   "ObjectType": "Group"
  },
  {
   "ObjectIdentifier": "S-1-5-21-1839142828-2050326403-410060929-7956",
   "ObjectType": "Group"
  },
  {
   "ObjectIdentifier": "S-1-5-21-1839142828-2050326403-410060929-20240",
   "ObjectType": "Group"
  },
  {
   "ObjectIdentifier": "S-1-5-21-1839142828-2050326403-410060929-7937",
   "ObjectType": "Group"
  },
  {
   "ObjectIdentifier": "S-1-5-21-1839142828-2050326403-410060929-7932",
   "ObjectType": "Group"
  },
  {
   "ObjectIdentifier": "S-1-5-21-1839142828-2050326403-410060929-7933",
   "ObjectType": "Group"
  },
  {
   "ObjectIdentifier": "S-1-5-21-1839142828-2050326403-410060929-7938",
   "ObjectType": "Group"
  },
  {
   "ObjectIdentifier": "S-1-5-21-1839142828-2050326403-410060929-22428",
   "ObjectType": "Group"
  },
  {
   "ObjectIdentifier": "S-1-5-21-1839142828-2050326403-410060929-5771",
   "ObjectType": "Group"
  },
  {
   "ObjectIdentifier": "S-1-5-21-1839142828-2050326403-410060929-5826",
   "ObjectType": "Group"
  },
  {
   "ObjectIdentifier": "S-1-5-21-1839142828-2050326403-410060929-20448",
   "ObjectType": "User"
  },
  {
   "ObjectIdentifier": "S-1-5-21-1839142828-2050326403-410060929-11910",
   "ObjectType": "Group"
  },
  {
   "ObjectIdentifier": "S-1-5-21-1839142828-2050326403-410060929-1729",
   "ObjectType": "trustaccount"
  },
  {
   "ObjectIdentifier": "S-1-5-21-1839142828-2050326403-410060929-11256",
   "ObjectType": "Group"
  },
  {
   "ObjectIdentifier": "S-1-5-21-1839142828-2050326403-410060929-3810",
   "ObjectType": "Group"
  },
  {
   "ObjectIdentifier": "S-1-5-21-1839142828-2050326403-410060929-12396",
   "ObjectType": "Group"
  },
  {
   "ObjectIdentifier": "S-1-5-21-1839142828-2050326403-410060929-1293",
   "ObjectType": "trustaccount"
  },
  {
   "ObjectIdentifier": "S-1-5-21-1839142828-2050326403-410060929-1121",
   "ObjectType": "Group"
  },
  {
   "ObjectIdentifier": "S-1-5-21-1839142828-2050326403-410060929-1120",
   "ObjectType": "Group"
  },
  {
   "ObjectIdentifier": "S-1-5-21-1839142828-2050326403-410060929-1914",
   "ObjectType": "Group"
  },
  {
   "ObjectIdentifier": "S-1-5-21-1839142828-2050326403-410060929-2323",
   "ObjectType": "Group"
  },
  {
   "ObjectIdentifier": "S-1-5-21-1839142828-2050326403-410060929-2297",
   "ObjectType": "Group"
  },
  {
   "ObjectIdentifier": "S-1-5-21-1839142828-2050326403-410060929-1118",
   "ObjectType": "Group"
  },
  {
   "ObjectIdentifier": "S-1-5-21-1839142828-2050326403-410060929-5825",
   "ObjectType": "Group"
  },
  {
   "ObjectIdentifier": "S-1-5-21-1839142828-2050326403-410060929-3750",
   "ObjectType": "Group"
  },
  {
   "ObjectIdentifier": "S-1-5-21-1839142828-2050326403-410060929-3748",
   "ObjectType": "Group"
  },
  {
   "ObjectIdentifier": "S-1-5-21-1839142828-2050326403-410060929-3749",
   "ObjectType": "Group"
  },
  {
   "ObjectIdentifier": "S-1-5-21-1839142828-2050326403-410060929-12161",
   "ObjectType": "Group"
  },
  {
   "ObjectIdentifier": "S-1-5-21-1839142828-2050326403-410060929-12400",
   "ObjectType": "Group"
  },
  {
   "ObjectIdentifier": "S-1-5-21-1839142828-2050326403-410060929-20490",
   "ObjectType": "Group"
  },
  {
   "ObjectIdentifier": "S-1-5-21-1839142828-2050326403-410060929-6746",
   "ObjectType": "Group"
  },
  {
   "ObjectIdentifier": "S-1-5-21-1839142828-2050326403-410060929-9333",
   "ObjectType": "Group"
  },
  {
   "ObjectIdentifier": "S-1-5-21-1839142828-2050326403-410060929-521",
   "ObjectType": "Group"
  },
  {
   "ObjectIdentifier": "S-1-5-21-1839142828-2050326403-410060929-9976",
   "ObjectType": "Group"
  },
  {
   "ObjectIdentifier": "S-1-5-21-1839142828-2050326403-410060929-12381",
   "ObjectType": "Group"
  },
  {
   "ObjectIdentifier": "S-1-5-21-1839142828-2050326403-410060929-11969",
   "ObjectType": "Group"
  },
  {
   "ObjectIdentifier": "S-1-5-21-1839142828-2050326403-410060929-11277",
   "ObjectType": "Group"
  },
  {
   "ObjectIdentifier": "S-1-5-21-1839142828-2050326403-410060929-12797",
   "ObjectType": "Group"
  },
  {
   "ObjectIdentifier": "S-1-5-21-1839142828-2050326403-410060929-12539",
   "ObjectType": "Group"
  },
  {
   "ObjectIdentifier": "S-1-5-21-1839142828-2050326403-410060929-20419",
   "ObjectType": "Group"
  },
  {
   "ObjectIdentifier": "S-1-5-21-1839142828-2050326403-410060929-553",
   "ObjectType": "Group"
  },
  {
   "ObjectIdentifier": "S-1-5-21-1839142828-2050326403-410060929-7965",
   "ObjectType": "Group"
  },
  {
   "ObjectIdentifier": "S-1-5-21-1839142828-2050326403-410060929-11257",
   "ObjectType": "Group"
  },
  {
   "ObjectIdentifier": "S-1-5-21-1839142828-2050326403-410060929-9903",
   "ObjectType": "Group"
  },
  {
   "ObjectIdentifier": "S-1-5-21-1839142828-2050326403-410060929-9908",
   "ObjectType": "Group"
  },
  {
   "ObjectIdentifier": "S-1-5-21-1839142828-2050326403-410060929-9905",
   "ObjectType": "Group"
  },
  {
   "ObjectIdentifier": "S-1-5-21-1839142828-2050326403-410060929-9907",
   "ObjectType": "Group"
  },
  {
   "ObjectIdentifier": "S-1-5-21-1839142828-2050326403-410060929-9912",
   "ObjectType": "Group"
  },
  {
   "ObjectIdentifier": "S-1-5-21-1839142828-2050326403-410060929-12631",
   "ObjectType": "Group"
  },
  {
   "ObjectIdentifier": "S-1-5-21-1839142828-2050326403-410060929-9915",
   "ObjectType": "Group"
  },
  {
   "ObjectIdentifier": "S-1-5-21-1839142828-2050326403-410060929-12632",
   "ObjectType": "Group"
  },
  {
   "ObjectIdentifier": "S-1-5-21-1839142828-2050326403-410060929-12312",
   "ObjectType": "Group"
  },
  {
   "ObjectIdentifier": "S-1-5-21-1839142828-2050326403-410060929-9909",
   "ObjectType": "Group"
  },
  {
   "ObjectIdentifier": "S-1-5-21-1839142828-2050326403-410060929-9914",
   "ObjectType": "Group"
  },
  {
   "ObjectIdentifier": "S-1-5-21-1839142828-2050326403-410060929-12634",
   "ObjectType": "Group"
  },
  {
   "ObjectIdentifier": "S-1-5-21-1839142828-2050326403-410060929-9904",
   "ObjectType": "Group"
  },
  {
   "ObjectIdentifier": "S-1-5-21-1839142828-2050326403-410060929-9910",
   "ObjectType": "Group"
  },
  {
   "ObjectIdentifier": "S-1-5-21-1839142828-2050326403-410060929-9906",
   "ObjectType": "Group"
  },
  {
   "ObjectIdentifier": "S-1-5-21-1839142828-2050326403-410060929-9911",
   "ObjectType": "Group"
  },
  {
   "ObjectIdentifier": "S-1-5-21-1839142828-2050326403-410060929-12633",
   "ObjectType": "Group"
  },
  {
   "ObjectIdentifier": "S-1-5-21-1839142828-2050326403-410060929-9913",
   "ObjectType": "Group"
  },
  {
   "ObjectIdentifier": "S-1-5-21-1839142828-2050326403-410060929-525",
   "ObjectType": "Group"
  },
  {
   "ObjectIdentifier": "S-1-5-21-1839142828-2050326403-410060929-2373",
   "ObjectType": "Group"
  },
  {
   "ObjectIdentifier": "S-1-5-21-1839142828-2050326403-410060929-1116",
   "ObjectType": "Group"
  },
  {
   "ObjectIdentifier": "S-1-5-21-1839142828-2050326403-410060929-1738",
   "ObjectType": "Group"
  },
  {
   "ObjectIdentifier": "S-1-5-21-1839142828-2050326403-410060929-1115",
   "ObjectType": "Group"
  },
  {
   "ObjectIdentifier": "S-1-5-21-1839142828-2050326403-410060929-3779",
   "ObjectType": "Group"
  },
  {
   "ObjectIdentifier": "S-1-5-21-1839142828-2050326403-410060929-11251",
   "ObjectType": "Group"
  },
  {
   "ObjectIdentifier": "S-1-5-21-1839142828-2050326403-410060929-7804",
   "ObjectType": "Group"
  },
  {
   "ObjectIdentifier": "S-1-5-21-1839142828-2050326403-410060929-12360",
   "ObjectType": "Group"
  },
  {
   "ObjectIdentifier": "S-1-5-21-1839142828-2050326403-410060929-6800",
   "ObjectType": "Group"
  },
  {
   "ObjectIdentifier": "S-1-5-21-1839142828-2050326403-410060929-3326",
   "ObjectType": "trustaccount"
  },
  {
   "ObjectIdentifier": "S-1-5-21-1839142828-2050326403-410060929-3809",
   "ObjectType": "Group"
  },
  {
   "ObjectIdentifier": "S-1-5-21-1839142828-2050326403-410060929-1114",
   "ObjectType": "Group"
  },
  {
   "ObjectIdentifier": "S-1-5-21-1839142828-2050326403-410060929-11898",
   "ObjectType": "Group"
  },
  {
   "ObjectIdentifier": "S-1-5-21-1839142828-2050326403-410060929-1253",
   "ObjectType": "Group"
  },
  {
   "ObjectIdentifier": "S-1-5-21-1839142828-2050326403-410060929-5837",
   "ObjectType": "Group"
  },
  {
   "ObjectIdentifier": "S-1-5-21-1839142828-2050326403-410060929-6839",
   "ObjectType": "Group"
  },
  {
   "ObjectIdentifier": "S-1-5-21-1839142828-2050326403-410060929-5858",
   "ObjectType": "Group"
  },
  {
   "ObjectIdentifier": "S-1-5-21-1839142828-2050326403-410060929-12286",
   "ObjectType": "Group"
  },
  {
   "ObjectIdentifier": "S-1-5-21-1839142828-2050326403-410060929-1429",
   "ObjectType": "Group"
  },
  {
   "ObjectIdentifier": "S-1-5-21-1839142828-2050326403-410060929-19732",
   "ObjectType": "Group"
  },
  {
   "ObjectIdentifier": "S-1-5-21-1839142828-2050326403-410060929-1126",
   "ObjectType": "Group"
  },
  {
   "ObjectIdentifier": "S-1-5-21-1839142828-2050326403-410060929-502",
   "ObjectType": "User"
  },
  {
   "ObjectIdentifier": "S-1-5-21-1839142828-2050326403-410060929-526",
   "ObjectType": "Group"
  },
  {
   "ObjectIdentifier": "S-1-5-21-1839142828-2050326403-410060929-13243",
   "ObjectType": "Group"
  },
  {
   "ObjectIdentifier": "S-1-5-21-1839142828-2050326403-410060929-12513",
   "ObjectType": "Group"
  },
  {
   "ObjectIdentifier": "S-1-5-21-1839142828-2050326403-410060929-11736",
   "ObjectType": "Group"
  },
  {
   "ObjectIdentifier": "S-1-5-21-1839142828-2050326403-410060929-1112",
   "ObjectType": "Group"
  },
  {
   "ObjectIdentifier": "S-1-5-21-1839142828-2050326403-410060929-1284",
   "ObjectType": "trustaccount"
  },
  {
   "ObjectIdentifier": "S-1-5-21-1839142828-2050326403-410060929-1111",
   "ObjectType": "Group"
  },
  {
   "ObjectIdentifier": "S-1-5-21-1839142828-2050326403-410060929-12406",
   "ObjectType": "Group"
  },
  {
   "ObjectIdentifier": "S-1-5-21-1839142828-2050326403-410060929-2296",
   "ObjectType": "Group"
  },
  {
   "ObjectIdentifier": "S-1-5-21-1839142828-2050326403-410060929-1110",
   "ObjectType": "Group"
  },
  {
   "ObjectIdentifier": "S-1-5-21-1839142828-2050326403-410060929-2321",
   "ObjectType": "Group"
  },
  {
   "ObjectIdentifier": "S-1-5-21-1839142828-2050326403-410060929-10014",
   "ObjectType": "Group"
  },
  {
   "ObjectIdentifier": "S-1-5-21-1839142828-2050326403-410060929-520",
   "ObjectType": "Group"
  },
  {
   "ObjectIdentifier": "S-1-5-21-1839142828-2050326403-410060929-2309",
   "ObjectType": "Group"
  },
  {
   "ObjectIdentifier": "S-1-5-21-1839142828-2050326403-410060929-1109",
   "ObjectType": "Group"
  },
  {
   "ObjectIdentifier": "S-1-5-21-1839142828-2050326403-410060929-1127",
   "ObjectType": "Group"
  },
  {
   "ObjectIdentifier": "S-1-5-21-1839142828-2050326403-410060929-9974",
   "ObjectType": "Group"
  },
  {
   "ObjectIdentifier": "S-1-5-21-1839142828-2050326403-410060929-13503",
   "ObjectType": "Group"
  },
  {
   "ObjectIdentifier": "S-1-5-21-1839142828-2050326403-410060929-13250",
   "ObjectType": "Group"
  },
  {
   "ObjectIdentifier": "S-1-5-21-1839142828-2050326403-410060929-3791",
   "ObjectType": "Group"
  },
  {
   "ObjectIdentifier": "S-1-5-21-1839142828-2050326403-410060929-12518",
   "ObjectType": "Group"
  },
  {
   "ObjectIdentifier": "S-1-5-21-1839142828-2050326403-410060929-11731",
   "ObjectType": "Group"
  },
  {
   "ObjectIdentifier": "S-1-5-21-1839142828-2050326403-410060929-6789",
   "ObjectType": "Group"
  },
  {
   "ObjectIdentifier": "S-1-5-21-1839142828-2050326403-410060929-2314",
   "ObjectType": "Group"
  },
  {
   "ObjectIdentifier": "S-1-5-21-1839142828-2050326403-410060929-2291",
   "ObjectType": "Group"
  },
  {
   "ObjectIdentifier": "S-1-5-21-1839142828-2050326403-410060929-11263",
   "ObjectType": "Group"
  },
  {
   "ObjectIdentifier": "S-1-5-21-1839142828-2050326403-410060929-1970",
   "ObjectType": "Group"
  },
  {
   "ObjectIdentifier": "S-1-5-21-1839142828-2050326403-410060929-6810",
   "ObjectType": "Group"
  },
  {
   "ObjectIdentifier": "S-1-5-21-1839142828-2050326403-410060929-513",
   "ObjectType": "Group"
  },
  {
   "ObjectIdentifier": "S-1-5-21-1839142828-2050326403-410060929-6743",
   "ObjectType": "Group"
  },
  {
   "ObjectIdentifier": "S-1-5-21-1839142828-2050326403-410060929-514",
   "ObjectType": "Group"
  },
  {
   "ObjectIdentifier": "S-1-5-21-1839142828-2050326403-410060929-516",
   "ObjectType": "Group"
  },
  {
   "ObjectIdentifier": "S-1-5-21-1839142828-2050326403-410060929-515",
   "ObjectType": "Group"
  },
  {
   "ObjectIdentifier": "S-1-5-21-1839142828-2050326403-410060929-512",
   "ObjectType": "Group"
  },
  {
   "ObjectIdentifier": "S-1-5-21-1839142828-2050326403-410060929-1732",
   "ObjectType": "Group"
  },
  {
   "ObjectIdentifier": "S-1-5-21-1839142828-2050326403-410060929-1731",
   "ObjectType": "Group"
  },
  {
   "ObjectIdentifier": "S-1-5-21-1839142828-2050326403-410060929-3729",
   "ObjectType": "Group"
  },
  {
   "ObjectIdentifier": "S-1-5-21-1839142828-2050326403-410060929-3730",
   "ObjectType": "Group"
  },
  {
   "ObjectIdentifier": "S-1-5-21-1839142828-2050326403-410060929-572",
   "ObjectType": "Group"
  },
  {
   "ObjectIdentifier": "S-1-5-21-1839142828-2050326403-410060929-5783",
   "ObjectType": "Group"
  },
  {
   "ObjectIdentifier": "S-1-5-21-1839142828-2050326403-410060929-5803",
   "ObjectType": "Group"
  },
  {
   "ObjectIdentifier": "S-1-5-21-1839142828-2050326403-410060929-5802",
   "ObjectType": "Group"
  },
  {
   "ObjectIdentifier": "S-1-5-21-1839142828-2050326403-410060929-5782",
   "ObjectType": "Group"
  },
  {
   "ObjectIdentifier": "S-1-5-21-1839142828-2050326403-410060929-1108",
   "ObjectType": "Group"
  },
  {
   "ObjectIdentifier": "S-1-5-21-1839142828-2050326403-410060929-20322",
   "ObjectType": "User"
  },
  {
   "ObjectIdentifier": "S-1-5-21-1839142828-2050326403-410060929-13252",
   "ObjectType": "Group"
  },
  {
   "ObjectIdentifier": "S-1-5-21-1839142828-2050326403-410060929-6820",
   "ObjectType": "Group"
  },
  {
   "ObjectIdentifier": "S-1-5-21-1839142828-2050326403-410060929-522",
   "ObjectType": "Group"
  },
  {
   "ObjectIdentifier": "S-1-5-21-1839142828-2050326403-410060929-9327",
   "ObjectType": "Group"
  },
  {
   "ObjectIdentifier": "S-1-5-21-1839142828-2050326403-410060929-7790",
   "ObjectType": "Group"
  },
  {
   "ObjectIdentifier": "S-1-5-21-1839142828-2050326403-410060929-1107",
   "ObjectType": "Group"
  },
  {
   "ObjectIdentifier": "S-1-5-21-1839142828-2050326403-410060929-517",
   "ObjectType": "Group"
  },
  {
   "ObjectIdentifier": "S-1-5-21-1839142828-2050326403-410060929-11249",
   "ObjectType": "Group"
  },
  {
   "ObjectIdentifier": "S-1-5-21-1839142828-2050326403-410060929-2305",
   "ObjectType": "Group"
  },
  {
   "ObjectIdentifier": "S-1-5-21-1839142828-2050326403-410060929-1106",
   "ObjectType": "Group"
  },
  {
   "ObjectIdentifier": "S-1-5-21-1839142828-2050326403-410060929-20500",
   "ObjectType": "User"
  },
  {
   "ObjectIdentifier": "S-1-5-21-1839142828-2050326403-410060929-20298",
   "ObjectType": "User"
  },
  {
   "ObjectIdentifier": "S-1-5-21-1839142828-2050326403-410060929-9891",
   "ObjectType": "Group"
  },
  {
   "ObjectIdentifier": "S-1-5-21-1839142828-2050326403-410060929-3820",
   "ObjectType": "Group"
  },
  {
   "ObjectIdentifier": "S-1-5-21-1839142828-2050326403-410060929-5806",
   "ObjectType": "Group"
  },
  {
   "ObjectIdentifier": "S-1-5-21-1839142828-2050326403-410060929-7929",
   "ObjectType": "Group"
  },
  {
   "ObjectIdentifier": "S-1-5-21-1839142828-2050326403-410060929-2302",
   "ObjectType": "Group"
  },
  {
   "ObjectIdentifier": "S-1-5-21-1839142828-2050326403-410060929-1131",
   "ObjectType": "Group"
  },
  {
   "ObjectIdentifier": "S-1-5-21-1839142828-2050326403-410060929-12234",
   "ObjectType": "Group"
  },
  {
   "ObjectIdentifier": "S-1-5-21-1839142828-2050326403-410060929-11762",
   "ObjectType": "Group"
  },
  {
   "ObjectIdentifier": "S-1-5-21-1839142828-2050326403-410060929-3780",
   "ObjectType": "Group"
  },
  {
   "ObjectIdentifier": "S-1-5-21-1839142828-2050326403-410060929-11761",
   "ObjectType": "Group"
  },
  {
   "ObjectIdentifier": "S-1-5-21-1839142828-2050326403-410060929-7943",
   "ObjectType": "Group"
  },
  {
   "ObjectIdentifier": "S-1-5-21-1839142828-2050326403-410060929-7942",
   "ObjectType": "Group"
  },
  {
   "ObjectIdentifier": "S-1-5-21-1839142828-2050326403-410060929-7944",
   "ObjectType": "Group"
  },
  {
   "ObjectIdentifier": "S-1-5-21-1839142828-2050326403-410060929-571",
   "ObjectType": "Group"
  },
  {
   "ObjectIdentifier": "S-1-5-21-1839142828-2050326403-410060929-9975",
   "ObjectType": "Group"
  },
  {
   "ObjectIdentifier": "S-1-5-21-1839142828-2050326403-410060929-9917",
   "ObjectType": "Group"
  },
  {
   "ObjectIdentifier": "S-1-5-21-1839142828-2050326403-410060929-1231",
   "ObjectType": "Group"
  },
  {
   "ObjectIdentifier": "S-1-5-21-1839142828-2050326403-410060929-9221",
   "ObjectType": "Group"
  },
  {
   "ObjectIdentifier": "S-1-5-21-1839142828-2050326403-410060929-5741",
   "ObjectType": "Group"
  }
 ]
},{
 "ObjectIdentifier": "1F1E1DF2-02D0-40F6-A085-773385749E54",
 "Properties": {
  "domain": "VMC.VENTOMIN.PRIV",
  "name": "ARBITERS@VMC.VENTOMIN.PRIV",
  "distinguishedname": "CN=ARBITERS,CN=BREACHED PASSWORD PROTECTION,CN=SPECOPS,CN=SYSTEM,DC=VMC,DC=VENTOMIN,DC=PRIV",
  "domainsid": "S-1-5-21-1839142828-2050326403-410060929",
  "highvalue": false,
  "description": "",
  "whencreated": 1675262939
 },
 "IsDeleted": false,
 "IsACLProtected": false,
 "Aces": [
  {
   "RightName": "Owns",
   "IsInherited": false,
   "PrincipalSID": "S-1-5-21-1839142828-2050326403-410060929-9334",
   "PrincipalType": "User"
  },
  {
   "RightName": "GenericAll",
   "IsInherited": false,
   "PrincipalSID": "S-1-5-21-1839142828-2050326403-410060929-512",
   "PrincipalType": "Group"
  },
  {
   "RightName": "GenericAll",
   "IsInherited": true,
   "PrincipalSID": "S-1-5-21-1060284298-1592454029-682003330-519",
   "PrincipalType": "Group"
  },
  {
   "RightName": "WriteOwner",
   "IsInherited": true,
   "PrincipalSID": "VMC.VENTOMIN.PRIV-S-1-5-32-544",
   "PrincipalType": "Group"
  },
  {
   "RightName": "WriteDacl",
   "IsInherited": true,
   "PrincipalSID": "VMC.VENTOMIN.PRIV-S-1-5-32-544",
   "PrincipalType": "Group"
  }
 ],
 "ChildObjects": []
},{
 "ObjectIdentifier": "0BD96B73-7031-4609-88AF-AA270FED387C",
 "Properties": {
  "domain": "VMC.VENTOMIN.PRIV",
  "name": "BREACHED PASSWORD PROTECTION@VMC.VENTOMIN.PRIV",
  "distinguishedname": "CN=BREACHED PASSWORD PROTECTION,CN=SPECOPS,CN=SYSTEM,DC=VMC,DC=VENTOMIN,DC=PRIV",
  "domainsid": "S-1-5-21-1839142828-2050326403-410060929",
  "highvalue": false,
  "description": "",
  "whencreated": 1675262939
 },
 "IsDeleted": false,
 "IsACLProtected": false,
 "Aces": [
  {
   "RightName": "Owns",
   "IsInherited": false,
   "PrincipalSID": "S-1-5-21-1839142828-2050326403-410060929-9334",
   "PrincipalType": "User"
  },
  {
   "RightName": "GenericAll",
   "IsInherited": false,
   "PrincipalSID": "S-1-5-21-1839142828-2050326403-410060929-512",
   "PrincipalType": "Group"
  },
  {
   "RightName": "GenericAll",
   "IsInherited": true,
   "PrincipalSID": "S-1-5-21-1060284298-1592454029-682003330-519",
   "PrincipalType": "Group"
  },
  {
   "RightName": "WriteOwner",
   "IsInherited": true,
   "PrincipalSID": "VMC.VENTOMIN.PRIV-S-1-5-32-544",
   "PrincipalType": "Group"
  },
  {
   "RightName": "WriteDacl",
   "IsInherited": true,
   "PrincipalSID": "VMC.VENTOMIN.PRIV-S-1-5-32-544",
   "PrincipalType": "Group"
  }
 ],
 "ChildObjects": []
},{
 "ObjectIdentifier": "EF708DBE-FBAF-410A-8222-3A0AD2EB6234",
 "Properties": {
  "domain": "VMC.VENTOMIN.PRIV",
  "name": "LICENSING@VMC.VENTOMIN.PRIV",
  "distinguishedname": "CN=LICENSING,CN=PASSWORD POLICY,CN=SPECOPS,CN=SYSTEM,DC=VMC,DC=VENTOMIN,DC=PRIV",
  "domainsid": "S-1-5-21-1839142828-2050326403-410060929",
  "highvalue": false,
  "description": "",
  "whencreated": 1675262485
 },
 "IsDeleted": false,
 "IsACLProtected": false,
 "Aces": [
  {
   "RightName": "Owns",
   "IsInherited": false,
   "PrincipalSID": "S-1-5-21-1839142828-2050326403-410060929-9334",
   "PrincipalType": "User"
  },
  {
   "RightName": "GenericAll",
   "IsInherited": false,
   "PrincipalSID": "S-1-5-21-1839142828-2050326403-410060929-512",
   "PrincipalType": "Group"
  },
  {
   "RightName": "GenericAll",
   "IsInherited": true,
   "PrincipalSID": "S-1-5-21-1060284298-1592454029-682003330-519",
   "PrincipalType": "Group"
  },
  {
   "RightName": "WriteOwner",
   "IsInherited": true,
   "PrincipalSID": "VMC.VENTOMIN.PRIV-S-1-5-32-544",
   "PrincipalType": "Group"
  },
  {
   "RightName": "WriteDacl",
   "IsInherited": true,
   "PrincipalSID": "VMC.VENTOMIN.PRIV-S-1-5-32-544",
   "PrincipalType": "Group"
  }
 ],
 "ChildObjects": []
},{
 "ObjectIdentifier": "1B790C8C-8836-4B93-A3C2-B7256775E47B",
 "Properties": {
  "domain": "VMC.VENTOMIN.PRIV",
  "name": "MCVADVMC1.VMC.VENTOMIN.PRIV@VMC.VENTOMIN.PRIV",
  "distinguishedname": "CN=MCVADVMC1.VMC.VENTOMIN.PRIV,CN=SENTINEL SERVERS,CN=PASSWORD POLICY,CN=SPECOPS,CN=SYSTEM,DC=VMC,DC=VENTOMIN,DC=PRIV",
  "domainsid": "S-1-5-21-1839142828-2050326403-410060929",
  "highvalue": false,
  "description": "",
  "whencreated": 1675238173
 },
 "IsDeleted": false,
 "IsACLProtected": false,
 "Aces": [
  {
   "RightName": "GenericAll",
   "IsInherited": false,
   "PrincipalSID": "S-1-5-21-1839142828-2050326403-410060929-512",
   "PrincipalType": "Group"
  },
  {
   "RightName": "GenericAll",
   "IsInherited": true,
   "PrincipalSID": "S-1-5-21-1060284298-1592454029-682003330-519",
   "PrincipalType": "Group"
  },
  {
   "RightName": "WriteOwner",
   "IsInherited": true,
   "PrincipalSID": "VMC.VENTOMIN.PRIV-S-1-5-32-544",
   "PrincipalType": "Group"
  },
  {
   "RightName": "WriteDacl",
   "IsInherited": true,
   "PrincipalSID": "VMC.VENTOMIN.PRIV-S-1-5-32-544",
   "PrincipalType": "Group"
  }
 ],
 "ChildObjects": []
}],"meta":{"methods":0,"type":"containers","count":27, "version":5}}