{
 "data": [
  {
   "ObjectIdentifier": "S-1-5-21-1839142828-2050326403-410060929",
   "Properties": {
    "name": "VMC.VENTOMIN.PRIV",
    "domain": "VMC.VENTOMIN.PRIV",
    "domainsid": "S-1-5-21-1839142828-2050326403-410060929",
    "distinguishedname": "DC=VMC,DC=VENTOMIN,DC=PRIV",
    "description": "Venus Management Company domain",
    "functionallevel": "2016",
    "highvalue": true,
    "whencreated": 1039532745
   },
   "Trusts": [
    {
     "TargetDomainName": "VENTOMIN.PRIV",
     "TargetDomainSid": "S-1-5-21-1060284298-1592454029-682003330",
     "IsTransitive": true,
     "TrustDirection": 3,
     "TrustType": 4,
     "SidFilteringEnabled": true
    },
    {
     "TargetDomainName": "IOP.VENTOMIN.PRIV",
     "TargetDomainSid": "S-1-5-21-2074478580-1744250261-1850952788",
     "IsTransitive": true,
     "TrustDirection": 3,
     "TrustType": 0,
     "SidFilteringEnabled": false
    },
    {
     "TargetDomainName": "TOM.VENTOMIN.PRIV",
     "TargetDomainSid": "S-1-5-21-1225525521-1400135419-1777090905",
     "IsTransitive": true,
     "TrustDirection": 3,
     "TrustType": 0,
     "SidFilteringEnabled": false
    },
    {
     "TargetDomainName": "NLL.LOCAL",
     "TargetDomainSid": "S-1-5-21-4167411497-4253140444-623661616",
     "IsTransitive": false,
     "TrustDirection": 3,
     "TrustType": 3,
     "SidFilteringEnabled": true
    }
   ],
   "Aces": [
    {
     "RightName": "Owns",
     "IsInherited": false,
     "PrincipalSID": "VMC.VENTOMIN.PRIV-S-1-5-32-544",
     "PrincipalType": "Group"
    },
    {
     "RightName": "GetChanges",
     "IsInherited": false,
     "PrincipalSID": "S-1-5-21-1060284298-1592454029-682003330-4622",
     "PrincipalType": "Group"
    },
    {
     "RightName": "GetChanges",
     "IsInherited": false,
     "PrincipalSID": "S-1-5-21-1060284298-1592454029-682003330-16119",
     "PrincipalType": "User"
    },
    {
     "RightName": "GetChanges",
     "IsInherited": false,
     "PrincipalSID": "S-1-5-21-1839142828-2050326403-410060929-13479",
     "PrincipalType": "User"
    },
    {
     "RightName": "GetChangesAll",
     "IsInherited": false,
     "PrincipalSID": "S-1-5-21-1060284298-1592454029-682003330-16119",
     "PrincipalType": "User"
    },
    {
     "RightName": "GetChangesAll",
     "IsInherited": false,
     "PrincipalSID": "S-1-5-21-1839142828-2050326403-410060929-516",
     "PrincipalType": "Group"
    },
    {
     "RightName": "GetChanges",
     "IsInherited": false,
     "PrincipalSID": "S-1-5-21-1839142828-2050326403-410060929-7774",
     "PrincipalType": "Base"
    },
    {
     "RightName": "GetChangesInFilteredSet",
     "IsInherited": false,
     "PrincipalSID": "VMC.VENTOMIN.PRIV-S-1-5-32-544",
     "PrincipalType": "Group"
    },
    {
     "RightName": "GetChanges",
     "IsInherited": false,
     "PrincipalSID": "VMC.VENTOMIN.PRIV-S-1-5-32-544",
     "PrincipalType": "Group"
    },
    {
     "RightName": "GetChangesAll",
     "IsInherited": false,
     "PrincipalSID": "VMC.VENTOMIN.PRIV-S-1-5-32-544",
     "PrincipalType": "Group"
    },
    {
     "RightName": "GetChangesInFilteredSet",
     "IsInherited": false,
     "PrincipalSID": "VMC.VENTOMIN.PRIV-S-1-5-9",
     "PrincipalType": "Group"
    },
    {
     "RightName": "GetChanges",
     "IsInherited": false,
     "PrincipalSID": "VMC.VENTOMIN.PRIV-S-1-5-9",
     "PrincipalType": "Group"
    },
    {
     "RightName": "WriteOwner",
     "IsInherited": false,
     "PrincipalSID": "S-1-5-21-1839142828-2050326403-410060929-512",
     "PrincipalType": "Group"
    },
    {
     "RightName": "AllExtendedRights",
     "IsInherited": false,
     "PrincipalSID": "S-1-5-21-1839142828-2050326403-410060929-512",
     "PrincipalType": "Group"
    },
    {
     "RightName": "WriteDacl",
     "IsInherited": false,
     "PrincipalSID": "S-1-5-21-1839142828-2050326403-410060929-512",
     "PrincipalType": "Group"
    },
    {
     "RightName": "GenericAll",
     "IsInherited": false,
     "PrincipalSID": "S-1-5-21-1060284298-1592454029-682003330-519",
     "PrincipalType": "Group"
    },
    {
     "RightName": "WriteOwner",
     "IsInherited": false,
     "PrincipalSID": "VMC.VENTOMIN.PRIV-S-1-5-32-544",
     "PrincipalType": "Group"
    },
    {
     "RightName": "AllExtendedRights",
     "IsInherited": false,
     "PrincipalSID": "VMC.VENTOMIN.PRIV-S-1-5-32-544",
     "PrincipalType": "Group"
    },
    {
     "RightName": "WriteDacl",
     "IsInherited": false,
     "PrincipalSID": "VMC.VENTOMIN.PRIV-S-1-5-32-544",
     "PrincipalType": "Group"
    }
   ],
   "Links": [
    {
     "IsEnforced": false,
     "GUID": ""
    },
    {
     "IsEnforced": false,
     "GUID": "5576D7FD-620A-42D7-97C6-40D23462F07B"
    },
    {
     "IsEnforced": false,
     "GUID": ""
    },
    {
     "IsEnforced": false,
     "GUID": ""
    },
    {
     "IsEnforced": false,
     "GUID": ""
    },
    {
     "IsEnforced": false,
     "GUID": ""
    },
    {
     "IsEnforced": false,
     "GUID": "5F63BCEF-65CB-446E-8672-21E5E344B9D5"
    },
    {
     "IsEnforced": false,
     "GUID": "41A3D8DE-737D-4835-8D5C-DD7B8D6AE782"
    },
    {
     "IsEnforced": false,
     "GUID": ""
    },
    {
     "IsEnforced": false,
     "GUID": ""
    },
    {
     "IsEnforced": false,
     "GUID": ""
    },
    {
     "IsEnforced": false,
     "GUID": "44B8DB74-547F-4190-9D8C-16DAB65D47E1"
    },
    {
     "IsEnforced": false,
     "GUID": "B2ADD7D9-3C90-4D69-A013-3153D323756B"
    },
    {
     "IsEnforced": false,
     "GUID": "E29283DE-E9BD-4FB3-AD8D-290970FB4AFC"
    },
    {
     "IsEnforced": false,
     "GUID": "013353FF-CEA8-440F-AF12-C9578CDF0E79"
    },
    {
     "IsEnforced": false,
     "GUID": "1EEBDF43-B608-48AA-A8B5-FA1595704422"
    },
    {
     "IsEnforced": false,
     "GUID": "161312F7-9409-4448-938A-CF4E872A881D"
    }
   ],
   "ChildObjects": [
    {
     "ObjectIdentifier": "B45783BE-AD8E-42F0-B126-4ECB39531295",
     "ObjectType": "OU"
    },
    {
     "ObjectIdentifier": "9EEFB091-573D-4AA1-8311-2333D2FD2F36",
     "ObjectType": "OU"
    },
    {
     "ObjectIdentifier": "0266A81C-56B8-4C80-ADFA-3F1658465F00",
     "ObjectType": "OU"
    },
    {
     "ObjectIdentifier": "47C21E3A-BB7C-44EF-B04A-2A6ECAAB670C",
     "ObjectType": "OU"
    },
    {
     "ObjectIdentifier": "EAA91FCD-E925-402F-B523-E61A8B6999FF",
     "ObjectType": "OU"
    },
    {
     "ObjectIdentifier": "9431DA83-D4CE-4205-AF95-0926D8ADFC32",
     "ObjectType": "OU"
    },
    {
     "ObjectIdentifier": "2F9217FE-649A-4D10-8A87-AA9575A8E553",
     "ObjectType": "OU"
    },
    {
     "ObjectIdentifier": "C4084B18-F9FD-439F-A3F0-670DAB494A3F",
     "ObjectType": "Container"
    },
    {
     "ObjectIdentifier": "2D51C1AF-6D82-42DA-945C-45612E4D43CB",
     "ObjectType": "OU"
    },
    {
     "ObjectIdentifier": "90BD86BC-B1CF-49E9-903A-B8BCF8D35F36",
     "ObjectType": "OU"
    },
    {
     "ObjectIdentifier": "85DDB124-4596-4469-A557-F279D0BD268A",
     "ObjectType": "OU"
    },
    {
     "ObjectIdentifier": "CF1F6639-7257-4B70-9699-D6F194DB0BC8",
     "ObjectType": "OU"
    },
    {
     "ObjectIdentifier": "5F7D493D-EFBE-4110-BE66-6A9E6F4BE8BA",
     "ObjectType": "Container"
    },
    {
     "ObjectIdentifier": "4445551E-251C-49E7-B400-B6C14BBDAADC",
     "ObjectType": "Container"
    },
    {
     "ObjectIdentifier": "708AC673-BF76-4AAE-86F7-68BB68CBD59C",
     "ObjectType": "OU"
    },
    {
     "ObjectIdentifier": "57F3A996-C3F4-4BB1-9275-B5DB74790E76",
     "ObjectType": "OU"
    },
    {
     "ObjectIdentifier": "23631200-A7BB-45E1-BF9D-EB59C0BCCFF7",
     "ObjectType": "Container"
    },
    {
     "ObjectIdentifier": "CCABF2EB-4134-4B6F-96AB-9C10C422873E",
     "ObjectType": "OU"
    },
    {
     "ObjectIdentifier": "A6EE2FB6-6420-4950-B826-D1A4DA75516E",
     "ObjectType": "OU"
    },
    {
     "ObjectIdentifier": "3591AF32-C32A-40E4-B144-BA96896CB89B",
     "ObjectType": "OU"
    },
    {
     "ObjectIdentifier": "71B22A20-69EA-4B9B-A147-934D203AAFF3",
     "ObjectType": "OU"
    },
    {
     "ObjectIdentifier": "610E25F4-DB2E-4D6B-BC42-EC0011431184",
     "ObjectType": "OU"
    },
    {
     "ObjectIdentifier": "AC6E44D0-BDA6-4D50-81FC-A5E9F281CFB5",
     "ObjectType": "Container"
    }
   ],
   "GPOChanges": {
    "AffectedComputers": [],
    "DcomUsers": [],
    "LocalAdmins": [],
    "PSRemoteUsers": [],
    "RemoteDesktopUsers": []
   },
   "IsDeleted": false,
   "IsACLProtected": false
  }
 ],
 "meta": {
  "type": "domains",
  "count": 1,
  "version": 5
 }
}